{"train/loss_pos": 0.9084702730178833, "train/loss_weighted": 0.9084702730178833, "epoch": 0, "trainer/global_step": 649, "_timestamp": 1764546113.085328, "_runtime": 82.03954911231995, "_step": 12, "_wandb": {"runtime": 86}}