{"train/loss_pos": 1.1412463188171387, "train/loss_weighted": 1.1412463188171387, "epoch": 2, "trainer/global_step": 3199, "_timestamp": 1764439270.9877403, "_runtime": 236.65700316429138, "_step": 65, "val/loss_pos": 1.0886890888214111, "val/loss_weighted": 1.0886890888214111, "val/atom_stable": 0.0626373291015625, "val/molecule_stable": 0.0, "val/valid": 0.0, "val/valid_connected": 0.0, "val/valid_unique": 0.0, "val/valid_unique_novel": 0.0, "val/tv_atom": 0.038530878722667694, "_wandb": {"runtime": 238}}