{"train/loss_pos": 0.9913215041160583, "train/loss_weighted": 0.9913215041160583, "epoch": 1, "trainer/global_step": 2249, "_timestamp": 1764546503.8252218, "_runtime": 214.87580585479736, "_step": 44}