{"train/loss_pos": NaN, "train/loss_weighted": NaN, "epoch": 1, "trainer/global_step": 3099, "_timestamp": 1764541858.9337761, "_runtime": 399.0614891052246, "_step": 61}