{"train/loss_pos": 1.1434565782546997, "train/loss_weighted": 1.1434565782546997, "epoch": 15, "trainer/global_step": 24899, "_timestamp": 1764440207.6160913, "_runtime": 1360.7424082756042, "_step": 511, "val/loss_pos": 1.0735055208206177, "val/loss_weighted": 1.0735055208206177, "val/atom_stable": 0.07539957016706467, "val/molecule_stable": 0.0, "val/valid": 0.0009765625, "val/valid_connected": 0.0, "val/valid_unique": 0.0009765625, "val/valid_unique_novel": 0.0009765625, "val/tv_atom": 0.038530878722667694}