{"train/loss_pos": 0.8590828776359558, "train/loss_weighted": 0.8590828776359558, "epoch": 1, "trainer/global_step": 2299, "_timestamp": 1764425394.4162579, "_runtime": 229.08214282989502, "_step": 45}